Description,Scientific Name,Max Score,Total Score,Query Cover,E value,Per. ident,Acc. Len,Accession  
"Homo sapiens isolate FP-0406-0-1 truncated breast and ovarian cancer susceptibility protein 1 (BRCA1) mRNA, partial cds",Homo sapiens,82.4,82.4,73%,5e-14,100.00,5322,"=HYPERLINK(""https://www.ncbi.nlm.nih.gov/nucleotide/OM650686.1?report=genbank&log$=nucltop&blast_rank=1&RID=Y55P9SH4013"",""OM650686.1"")"
"Homo sapiens isolate TWH-3202-0-1 truncated breast and ovarian cancer susceptibility protein 1 (BRCA1) gene, complete cds",Homo sapiens,82.4,82.4,73%,5e-14,100.00,2100,"=HYPERLINK(""https://www.ncbi.nlm.nih.gov/nucleotide/OM650682.1?report=genbank&log$=nucltop&blast_rank=2&RID=Y55P9SH4013"",""OM650682.1"")"
"Homo sapiens isolate TWH-2851-0-1 truncated breast and ovarian cancer susceptibility protein 1 (BRCA1) gene, complete cds",Homo sapiens,82.4,82.4,73%,5e-14,100.00,3654,"=HYPERLINK(""https://www.ncbi.nlm.nih.gov/nucleotide/OM650681.1?report=genbank&log$=nucltop&blast_rank=3&RID=Y55P9SH4013"",""OM650681.1"")"
"Homo sapiens isolate TWH-3235-0-1 truncated breast and ovarian cancer susceptibility protein 1 (BRCA1) gene, complete cds",Homo sapiens,82.4,82.4,73%,5e-14,100.00,4836,"=HYPERLINK(""https://www.ncbi.nlm.nih.gov/nucleotide/OM650680.1?report=genbank&log$=nucltop&blast_rank=4&RID=Y55P9SH4013"",""OM650680.1"")"
"Homo sapiens BRCA1 DNA repair associated (BRCA1), transcript variant 326, mRNA",Homo sapiens,82.4,82.4,73%,5e-14,100.00,3716,"=HYPERLINK(""https://www.ncbi.nlm.nih.gov/nucleotide/NM_001408467.1?report=genbank&log$=nucltop&blast_rank=5&RID=Y55P9SH4013"",""NM_001408467.1"")"
"Homo sapiens BRCA1 DNA repair associated (BRCA1), transcript variant 351, mRNA",Homo sapiens,82.4,82.4,73%,5e-14,100.00,3773,"=HYPERLINK(""https://www.ncbi.nlm.nih.gov/nucleotide/NM_001408497.1?report=genbank&log$=nucltop&blast_rank=6&RID=Y55P9SH4013"",""NM_001408497.1"")"
"Homo sapiens BRCA1 DNA repair associated (BRCA1), transcript variant 309, mRNA",Homo sapiens,82.4,82.4,73%,5e-14,100.00,3739,"=HYPERLINK(""https://www.ncbi.nlm.nih.gov/nucleotide/NM_001408450.1?report=genbank&log$=nucltop&blast_rank=7&RID=Y55P9SH4013"",""NM_001408450.1"")"
"Homo sapiens BRCA1 DNA repair associated (BRCA1), transcript variant 310, mRNA",Homo sapiens,82.4,82.4,73%,5e-14,100.00,3638,"=HYPERLINK(""https://www.ncbi.nlm.nih.gov/nucleotide/NM_001408451.1?report=genbank&log$=nucltop&blast_rank=8&RID=Y55P9SH4013"",""NM_001408451.1"")"
"Homo sapiens BRCA1 DNA repair associated (BRCA1), transcript variant 358, mRNA",Homo sapiens,82.4,82.4,73%,5e-14,100.00,3772,"=HYPERLINK(""https://www.ncbi.nlm.nih.gov/nucleotide/NM_001408504.1?report=genbank&log$=nucltop&blast_rank=9&RID=Y55P9SH4013"",""NM_001408504.1"")"
"Homo sapiens BRCA1 DNA repair associated (BRCA1), transcript variant 360, mRNA",Homo sapiens,82.4,82.4,73%,5e-14,100.00,3634,"=HYPERLINK(""https://www.ncbi.nlm.nih.gov/nucleotide/NM_001408506.1?report=genbank&log$=nucltop&blast_rank=10&RID=Y55P9SH4013"",""NM_001408506.1"")"
"Homo sapiens BRCA1 DNA repair associated (BRCA1), transcript variant 269, mRNA",Homo sapiens,82.4,82.4,73%,5e-14,100.00,3764,"=HYPERLINK(""https://www.ncbi.nlm.nih.gov/nucleotide/NM_001408408.1?report=genbank&log$=nucltop&blast_rank=11&RID=Y55P9SH4013"",""NM_001408408.1"")"
"Homo sapiens BRCA1 DNA repair associated (BRCA1), transcript variant 284, mRNA",Homo sapiens,82.4,82.4,73%,5e-14,100.00,3653,"=HYPERLINK(""https://www.ncbi.nlm.nih.gov/nucleotide/NM_001408423.1?report=genbank&log$=nucltop&blast_rank=12&RID=Y55P9SH4013"",""NM_001408423.1"")"
"Homo sapiens BRCA1 DNA repair associated (BRCA1), transcript variant 257, mRNA",Homo sapiens,82.4,82.4,73%,5e-14,100.00,4307,"=HYPERLINK(""https://www.ncbi.nlm.nih.gov/nucleotide/NM_001408392.1?report=genbank&log$=nucltop&blast_rank=13&RID=Y55P9SH4013"",""NM_001408392.1"")"
"Homo sapiens BRCA1 DNA repair associated (BRCA1), transcript variant 352, mRNA",Homo sapiens,82.4,82.4,73%,5e-14,100.00,3596,"=HYPERLINK(""https://www.ncbi.nlm.nih.gov/nucleotide/NM_001408498.1?report=genbank&log$=nucltop&blast_rank=14&RID=Y55P9SH4013"",""NM_001408498.1"")"
"Homo sapiens BRCA1 DNA repair associated (BRCA1), transcript variant 299, mRNA",Homo sapiens,82.4,82.4,73%,5e-14,100.00,3653,"=HYPERLINK(""https://www.ncbi.nlm.nih.gov/nucleotide/NM_001408439.1?report=genbank&log$=nucltop&blast_rank=15&RID=Y55P9SH4013"",""NM_001408439.1"")"
"Homo sapiens BRCA1 DNA repair associated (BRCA1), transcript variant 263, mRNA",Homo sapiens,82.4,82.4,73%,5e-14,100.00,3767,"=HYPERLINK(""https://www.ncbi.nlm.nih.gov/nucleotide/NM_001408401.1?report=genbank&log$=nucltop&blast_rank=16&RID=Y55P9SH4013"",""NM_001408401.1"")"
"Homo sapiens BRCA1 DNA repair associated (BRCA1), transcript variant 315, mRNA",Homo sapiens,82.4,82.4,73%,5e-14,100.00,3895,"=HYPERLINK(""https://www.ncbi.nlm.nih.gov/nucleotide/NM_001408456.1?report=genbank&log$=nucltop&blast_rank=17&RID=Y55P9SH4013"",""NM_001408456.1"")"
"Homo sapiens BRCA1 DNA repair associated (BRCA1), transcript variant 290, mRNA",Homo sapiens,82.4,82.4,73%,5e-14,100.00,3650,"=HYPERLINK(""https://www.ncbi.nlm.nih.gov/nucleotide/NM_001408430.1?report=genbank&log$=nucltop&blast_rank=18&RID=Y55P9SH4013"",""NM_001408430.1"")"
"Homo sapiens BRCA1 DNA repair associated (BRCA1), transcript variant 295, mRNA",Homo sapiens,82.4,82.4,73%,5e-14,100.00,3647,"=HYPERLINK(""https://www.ncbi.nlm.nih.gov/nucleotide/NM_001408435.1?report=genbank&log$=nucltop&blast_rank=19&RID=Y55P9SH4013"",""NM_001408435.1"")"
"Homo sapiens BRCA1 DNA repair associated (BRCA1), transcript variant 325, mRNA",Homo sapiens,82.4,82.4,73%,5e-14,100.00,3889,"=HYPERLINK(""https://www.ncbi.nlm.nih.gov/nucleotide/NM_001408466.1?report=genbank&log$=nucltop&blast_rank=20&RID=Y55P9SH4013"",""NM_001408466.1"")"
"Homo sapiens BRCA1 DNA repair associated (BRCA1), transcript variant 354, mRNA",Homo sapiens,82.4,82.4,73%,5e-14,100.00,3769,"=HYPERLINK(""https://www.ncbi.nlm.nih.gov/nucleotide/NM_001408500.1?report=genbank&log$=nucltop&blast_rank=21&RID=Y55P9SH4013"",""NM_001408500.1"")"
"Homo sapiens BRCA1 DNA repair associated (BRCA1), transcript variant 330, mRNA",Homo sapiens,82.4,82.4,73%,5e-14,100.00,3696,"=HYPERLINK(""https://www.ncbi.nlm.nih.gov/nucleotide/NM_001408472.1?report=genbank&log$=nucltop&blast_rank=22&RID=Y55P9SH4013"",""NM_001408472.1"")"
"Homo sapiens BRCA1 DNA repair associated (BRCA1), transcript variant 308, mRNA",Homo sapiens,82.4,82.4,73%,5e-14,100.00,3637,"=HYPERLINK(""https://www.ncbi.nlm.nih.gov/nucleotide/NM_001408448.1?report=genbank&log$=nucltop&blast_rank=23&RID=Y55P9SH4013"",""NM_001408448.1"")"
"Homo sapiens BRCA1 DNA repair associated (BRCA1), transcript variant 336, mRNA",Homo sapiens,82.4,82.4,73%,5e-14,100.00,3757,"=HYPERLINK(""https://www.ncbi.nlm.nih.gov/nucleotide/NM_001408479.1?report=genbank&log$=nucltop&blast_rank=24&RID=Y55P9SH4013"",""NM_001408479.1"")"
"Homo sapiens BRCA1 DNA repair associated (BRCA1), transcript variant 338, mRNA",Homo sapiens,82.4,82.4,73%,5e-14,100.00,3748,"=HYPERLINK(""https://www.ncbi.nlm.nih.gov/nucleotide/NM_001408481.1?report=genbank&log$=nucltop&blast_rank=25&RID=Y55P9SH4013"",""NM_001408481.1"")"
"Homo sapiens BRCA1 DNA repair associated (BRCA1), transcript variant 262, mRNA",Homo sapiens,82.4,82.4,73%,5e-14,100.00,4307,"=HYPERLINK(""https://www.ncbi.nlm.nih.gov/nucleotide/NM_001408400.1?report=genbank&log$=nucltop&blast_rank=26&RID=Y55P9SH4013"",""NM_001408400.1"")"
"Homo sapiens BRCA1 DNA repair associated (BRCA1), transcript variant 302, mRNA",Homo sapiens,82.4,82.4,73%,5e-14,100.00,4808,"=HYPERLINK(""https://www.ncbi.nlm.nih.gov/nucleotide/NM_001408442.1?report=genbank&log$=nucltop&blast_rank=27&RID=Y55P9SH4013"",""NM_001408442.1"")"
"Homo sapiens BRCA1 DNA repair associated (BRCA1), transcript variant 296, mRNA",Homo sapiens,82.4,82.4,73%,5e-14,100.00,3634,"=HYPERLINK(""https://www.ncbi.nlm.nih.gov/nucleotide/NM_001408436.1?report=genbank&log$=nucltop&blast_rank=28&RID=Y55P9SH4013"",""NM_001408436.1"")"
"Homo sapiens BRCA1 DNA repair associated (BRCA1), transcript variant 278, mRNA",Homo sapiens,82.4,82.4,73%,5e-14,100.00,3751,"=HYPERLINK(""https://www.ncbi.nlm.nih.gov/nucleotide/NM_001408418.1?report=genbank&log$=nucltop&blast_rank=29&RID=Y55P9SH4013"",""NM_001408418.1"")"
"Homo sapiens BRCA1 DNA repair associated (BRCA1), transcript variant 287, mRNA",Homo sapiens,82.4,82.4,73%,5e-14,100.00,3643,"=HYPERLINK(""https://www.ncbi.nlm.nih.gov/nucleotide/NM_001408427.1?report=genbank&log$=nucltop&blast_rank=30&RID=Y55P9SH4013"",""NM_001408427.1"")"
"Homo sapiens BRCA1 DNA repair associated (BRCA1), transcript variant 307, mRNA",Homo sapiens,82.4,82.4,73%,5e-14,100.00,4184,"=HYPERLINK(""https://www.ncbi.nlm.nih.gov/nucleotide/NM_001408447.1?report=genbank&log$=nucltop&blast_rank=31&RID=Y55P9SH4013"",""NM_001408447.1"")"
"Homo sapiens BRCA1 DNA repair associated (BRCA1), transcript variant 343, mRNA",Homo sapiens,82.4,82.4,73%,5e-14,100.00,3754,"=HYPERLINK(""https://www.ncbi.nlm.nih.gov/nucleotide/NM_001408489.1?report=genbank&log$=nucltop&blast_rank=32&RID=Y55P9SH4013"",""NM_001408489.1"")"
"Homo sapiens BRCA1 DNA repair associated (BRCA1), transcript variant 270, mRNA",Homo sapiens,82.4,82.4,73%,5e-14,100.00,3767,"=HYPERLINK(""https://www.ncbi.nlm.nih.gov/nucleotide/NM_001408409.1?report=genbank&log$=nucltop&blast_rank=33&RID=Y55P9SH4013"",""NM_001408409.1"")"
"Homo sapiens BRCA1 DNA repair associated (BRCA1), transcript variant 292, mRNA",Homo sapiens,82.4,82.4,73%,5e-14,100.00,3653,"=HYPERLINK(""https://www.ncbi.nlm.nih.gov/nucleotide/NM_001408432.1?report=genbank&log$=nucltop&blast_rank=34&RID=Y55P9SH4013"",""NM_001408432.1"")"
"Homo sapiens BRCA1 DNA repair associated (BRCA1), transcript variant 323, mRNA",Homo sapiens,82.4,82.4,73%,5e-14,100.00,3716,"=HYPERLINK(""https://www.ncbi.nlm.nih.gov/nucleotide/NM_001408464.1?report=genbank&log$=nucltop&blast_rank=35&RID=Y55P9SH4013"",""NM_001408464.1"")"
"Homo sapiens BRCA1 DNA repair associated (BRCA1), transcript variant 289, mRNA",Homo sapiens,82.4,82.4,73%,5e-14,100.00,4190,"=HYPERLINK(""https://www.ncbi.nlm.nih.gov/nucleotide/NM_001408429.1?report=genbank&log$=nucltop&blast_rank=36&RID=Y55P9SH4013"",""NM_001408429.1"")"
"Homo sapiens BRCA1 DNA repair associated (BRCA1), transcript variant 318, mRNA",Homo sapiens,82.4,82.4,73%,5e-14,100.00,3716,"=HYPERLINK(""https://www.ncbi.nlm.nih.gov/nucleotide/NM_001408459.1?report=genbank&log$=nucltop&blast_rank=37&RID=Y55P9SH4013"",""NM_001408459.1"")"
"Homo sapiens BRCA1 DNA repair associated (BRCA1), transcript variant 260, mRNA",Homo sapiens,82.4,82.4,73%,5e-14,100.00,3862,"=HYPERLINK(""https://www.ncbi.nlm.nih.gov/nucleotide/NM_001408398.1?report=genbank&log$=nucltop&blast_rank=38&RID=Y55P9SH4013"",""NM_001408398.1"")"
"Homo sapiens BRCA1 DNA repair associated (BRCA1), transcript variant 344, mRNA",Homo sapiens,82.4,82.4,73%,5e-14,100.00,3754,"=HYPERLINK(""https://www.ncbi.nlm.nih.gov/nucleotide/NM_001408490.1?report=genbank&log$=nucltop&blast_rank=39&RID=Y55P9SH4013"",""NM_001408490.1"")"
"Homo sapiens BRCA1 DNA repair associated (BRCA1), transcript variant 285, mRNA",Homo sapiens,82.4,82.4,73%,5e-14,100.00,3656,"=HYPERLINK(""https://www.ncbi.nlm.nih.gov/nucleotide/NM_001408425.1?report=genbank&log$=nucltop&blast_rank=40&RID=Y55P9SH4013"",""NM_001408425.1"")"
"Homo sapiens BRCA1 DNA repair associated (BRCA1), transcript variant 258, mRNA",Homo sapiens,82.4,82.4,73%,5e-14,100.00,3767,"=HYPERLINK(""https://www.ncbi.nlm.nih.gov/nucleotide/NM_001408396.1?report=genbank&log$=nucltop&blast_rank=41&RID=Y55P9SH4013"",""NM_001408396.1"")"
"Homo sapiens BRCA1 DNA repair associated (BRCA1), transcript variant 306, mRNA",Homo sapiens,82.4,82.4,73%,5e-14,100.00,3644,"=HYPERLINK(""https://www.ncbi.nlm.nih.gov/nucleotide/NM_001408446.1?report=genbank&log$=nucltop&blast_rank=42&RID=Y55P9SH4013"",""NM_001408446.1"")"
"Homo sapiens BRCA1 DNA repair associated (BRCA1), transcript variant 345, mRNA",Homo sapiens,82.4,82.4,73%,5e-14,100.00,3748,"=HYPERLINK(""https://www.ncbi.nlm.nih.gov/nucleotide/NM_001408491.1?report=genbank&log$=nucltop&blast_rank=43&RID=Y55P9SH4013"",""NM_001408491.1"")"
"Homo sapiens BRCA1 DNA repair associated (BRCA1), transcript variant 363, mRNA",Homo sapiens,82.4,82.4,73%,5e-14,100.00,3619,"=HYPERLINK(""https://www.ncbi.nlm.nih.gov/nucleotide/NM_001408509.1?report=genbank&log$=nucltop&blast_rank=44&RID=Y55P9SH4013"",""NM_001408509.1"")"
"Homo sapiens BRCA1 DNA repair associated (BRCA1), transcript variant 340, mRNA",Homo sapiens,82.4,82.4,73%,5e-14,100.00,4909,"=HYPERLINK(""https://www.ncbi.nlm.nih.gov/nucleotide/NM_001408483.1?report=genbank&log$=nucltop&blast_rank=45&RID=Y55P9SH4013"",""NM_001408483.1"")"
"Homo sapiens BRCA1 DNA repair associated (BRCA1), transcript variant 259, mRNA",Homo sapiens,82.4,82.4,73%,5e-14,100.00,3754,"=HYPERLINK(""https://www.ncbi.nlm.nih.gov/nucleotide/NM_001408397.1?report=genbank&log$=nucltop&blast_rank=46&RID=Y55P9SH4013"",""NM_001408397.1"")"
"Homo sapiens BRCA1 DNA repair associated (BRCA1), transcript variant 349, mRNA",Homo sapiens,82.4,82.4,73%,5e-14,100.00,3520,"=HYPERLINK(""https://www.ncbi.nlm.nih.gov/nucleotide/NM_001408495.1?report=genbank&log$=nucltop&blast_rank=47&RID=Y55P9SH4013"",""NM_001408495.1"")"
"Homo sapiens BRCA1 DNA repair associated (BRCA1), transcript variant 279, mRNA",Homo sapiens,82.4,82.4,73%,5e-14,100.00,3662,"=HYPERLINK(""https://www.ncbi.nlm.nih.gov/nucleotide/NM_001408419.1?report=genbank&log$=nucltop&blast_rank=48&RID=Y55P9SH4013"",""NM_001408419.1"")"
"Homo sapiens BRCA1 DNA repair associated (BRCA1), transcript variant 319, mRNA",Homo sapiens,82.4,82.4,73%,5e-14,100.00,3722,"=HYPERLINK(""https://www.ncbi.nlm.nih.gov/nucleotide/NM_001408460.1?report=genbank&log$=nucltop&blast_rank=49&RID=Y55P9SH4013"",""NM_001408460.1"")"
"Homo sapiens BRCA1 DNA repair associated (BRCA1), transcript variant 355, mRNA",Homo sapiens,82.4,82.4,73%,5e-14,100.00,3766,"=HYPERLINK(""https://www.ncbi.nlm.nih.gov/nucleotide/NM_001408501.1?report=genbank&log$=nucltop&blast_rank=50&RID=Y55P9SH4013"",""NM_001408501.1"")"
"Homo sapiens BRCA1 DNA repair associated (BRCA1), transcript variant 273, mRNA",Homo sapiens,82.4,82.4,73%,5e-14,100.00,3692,"=HYPERLINK(""https://www.ncbi.nlm.nih.gov/nucleotide/NM_001408412.1?report=genbank&log$=nucltop&blast_rank=51&RID=Y55P9SH4013"",""NM_001408412.1"")"
"Homo sapiens BRCA1 DNA repair associated (BRCA1), transcript variant 321, mRNA",Homo sapiens,82.4,82.4,73%,5e-14,100.00,3984,"=HYPERLINK(""https://www.ncbi.nlm.nih.gov/nucleotide/NM_001408462.1?report=genbank&log$=nucltop&blast_rank=52&RID=Y55P9SH4013"",""NM_001408462.1"")"
"Homo sapiens BRCA1 DNA repair associated (BRCA1), transcript variant 368, mRNA",Homo sapiens,82.4,82.4,73%,5e-14,100.00,3574,"=HYPERLINK(""https://www.ncbi.nlm.nih.gov/nucleotide/NM_001408514.1?report=genbank&log$=nucltop&blast_rank=53&RID=Y55P9SH4013"",""NM_001408514.1"")"
"Homo sapiens BRCA1 DNA repair associated (BRCA1), transcript variant 264, mRNA",Homo sapiens,82.4,82.4,73%,5e-14,100.00,3773,"=HYPERLINK(""https://www.ncbi.nlm.nih.gov/nucleotide/NM_001408402.1?report=genbank&log$=nucltop&blast_rank=54&RID=Y55P9SH4013"",""NM_001408402.1"")"
"Homo sapiens BRCA1 DNA repair associated (BRCA1), transcript variant 341, mRNA",Homo sapiens,82.4,82.4,73%,5e-14,100.00,3843,"=HYPERLINK(""https://www.ncbi.nlm.nih.gov/nucleotide/NM_001408484.1?report=genbank&log$=nucltop&blast_rank=55&RID=Y55P9SH4013"",""NM_001408484.1"")"
"Homo sapiens BRCA1 DNA repair associated (BRCA1), transcript variant 271, mRNA",Homo sapiens,82.4,82.4,73%,5e-14,100.00,4498,"=HYPERLINK(""https://www.ncbi.nlm.nih.gov/nucleotide/NM_001408410.1?report=genbank&log$=nucltop&blast_rank=56&RID=Y55P9SH4013"",""NM_001408410.1"")"
"Homo sapiens BRCA1 DNA repair associated (BRCA1), transcript variant 291, mRNA",Homo sapiens,82.4,82.4,73%,5e-14,100.00,3656,"=HYPERLINK(""https://www.ncbi.nlm.nih.gov/nucleotide/NM_001408431.1?report=genbank&log$=nucltop&blast_rank=57&RID=Y55P9SH4013"",""NM_001408431.1"")"
"Homo sapiens BRCA1 DNA repair associated (BRCA1), transcript variant 274, mRNA",Homo sapiens,82.4,82.4,73%,5e-14,100.00,4232,"=HYPERLINK(""https://www.ncbi.nlm.nih.gov/nucleotide/NM_001408414.1?report=genbank&log$=nucltop&blast_rank=58&RID=Y55P9SH4013"",""NM_001408414.1"")"
"Homo sapiens BRCA1 DNA repair associated (BRCA1), transcript variant 313, mRNA",Homo sapiens,82.4,82.4,73%,5e-14,100.00,3725,"=HYPERLINK(""https://www.ncbi.nlm.nih.gov/nucleotide/NM_001408454.1?report=genbank&log$=nucltop&blast_rank=59&RID=Y55P9SH4013"",""NM_001408454.1"")"
"Homo sapiens BRCA1 DNA repair associated (BRCA1), transcript variant 335, mRNA",Homo sapiens,82.4,82.4,73%,5e-14,100.00,3846,"=HYPERLINK(""https://www.ncbi.nlm.nih.gov/nucleotide/NM_001408478.1?report=genbank&log$=nucltop&blast_rank=60&RID=Y55P9SH4013"",""NM_001408478.1"")"
"Homo sapiens BRCA1 DNA repair associated (BRCA1), transcript variant 272, mRNA",Homo sapiens,82.4,82.4,73%,5e-14,100.00,4235,"=HYPERLINK(""https://www.ncbi.nlm.nih.gov/nucleotide/NM_001408411.1?report=genbank&log$=nucltop&blast_rank=61&RID=Y55P9SH4013"",""NM_001408411.1"")"
"Homo sapiens BRCA1 DNA repair associated (BRCA1), transcript variant 314, mRNA",Homo sapiens,82.4,82.4,73%,5e-14,100.00,3889,"=HYPERLINK(""https://www.ncbi.nlm.nih.gov/nucleotide/NM_001408455.1?report=genbank&log$=nucltop&blast_rank=62&RID=Y55P9SH4013"",""NM_001408455.1"")"
"Homo sapiens BRCA1 DNA repair associated (BRCA1), transcript variant 304, mRNA",Homo sapiens,82.4,82.4,73%,5e-14,100.00,3647,"=HYPERLINK(""https://www.ncbi.nlm.nih.gov/nucleotide/NM_001408444.1?report=genbank&log$=nucltop&blast_rank=63&RID=Y55P9SH4013"",""NM_001408444.1"")"
"Homo sapiens BRCA1 DNA repair associated (BRCA1), transcript variant 350, mRNA",Homo sapiens,82.4,82.4,73%,5e-14,100.00,3602,"=HYPERLINK(""https://www.ncbi.nlm.nih.gov/nucleotide/NM_001408496.1?report=genbank&log$=nucltop&blast_rank=64&RID=Y55P9SH4013"",""NM_001408496.1"")"
"Homo sapiens BRCA1 DNA repair associated (BRCA1), transcript variant 268, mRNA",Homo sapiens,82.4,82.4,73%,5e-14,100.00,3770,"=HYPERLINK(""https://www.ncbi.nlm.nih.gov/nucleotide/NM_001408407.1?report=genbank&log$=nucltop&blast_rank=65&RID=Y55P9SH4013"",""NM_001408407.1"")"
"Homo sapiens BRCA1 DNA repair associated (BRCA1), transcript variant 327, mRNA",Homo sapiens,82.4,82.4,73%,5e-14,100.00,3883,"=HYPERLINK(""https://www.ncbi.nlm.nih.gov/nucleotide/NM_001408468.1?report=genbank&log$=nucltop&blast_rank=66&RID=Y55P9SH4013"",""NM_001408468.1"")"
"Homo sapiens BRCA1 DNA repair associated (BRCA1), transcript variant 298, mRNA",Homo sapiens,82.4,82.4,73%,5e-14,100.00,3647,"=HYPERLINK(""https://www.ncbi.nlm.nih.gov/nucleotide/NM_001408438.1?report=genbank&log$=nucltop&blast_rank=67&RID=Y55P9SH4013"",""NM_001408438.1"")"
"Homo sapiens BRCA1 DNA repair associated (BRCA1), transcript variant 283, mRNA",Homo sapiens,82.4,82.4,73%,5e-14,100.00,3831,"=HYPERLINK(""https://www.ncbi.nlm.nih.gov/nucleotide/NM_001408422.1?report=genbank&log$=nucltop&blast_rank=68&RID=Y55P9SH4013"",""NM_001408422.1"")"
"Homo sapiens BRCA1 DNA repair associated (BRCA1), transcript variant 276, mRNA",Homo sapiens,82.4,82.4,73%,5e-14,100.00,3698,"=HYPERLINK(""https://www.ncbi.nlm.nih.gov/nucleotide/NM_001408413.1?report=genbank&log$=nucltop&blast_rank=69&RID=Y55P9SH4013"",""NM_001408413.1"")"
"Homo sapiens BRCA1 DNA repair associated (BRCA1), transcript variant 362, mRNA",Homo sapiens,82.4,82.4,73%,5e-14,100.00,3622,"=HYPERLINK(""https://www.ncbi.nlm.nih.gov/nucleotide/NM_001408508.1?report=genbank&log$=nucltop&blast_rank=70&RID=Y55P9SH4013"",""NM_001408508.1"")"
"Homo sapiens BRCA1 DNA repair associated (BRCA1), transcript variant 301, mRNA",Homo sapiens,82.4,82.4,73%,5e-14,100.00,4187,"=HYPERLINK(""https://www.ncbi.nlm.nih.gov/nucleotide/NM_001408441.1?report=genbank&log$=nucltop&blast_rank=71&RID=Y55P9SH4013"",""NM_001408441.1"")"
"Homo sapiens BRCA1 DNA repair associated (BRCA1), transcript variant 356, mRNA",Homo sapiens,82.4,82.4,73%,5e-14,100.00,3700,"=HYPERLINK(""https://www.ncbi.nlm.nih.gov/nucleotide/NM_001408502.1?report=genbank&log$=nucltop&blast_rank=72&RID=Y55P9SH4013"",""NM_001408502.1"")"
"Homo sapiens BRCA1 DNA repair associated (BRCA1), transcript variant 332, mRNA",Homo sapiens,82.4,82.4,73%,5e-14,100.00,3578,"=HYPERLINK(""https://www.ncbi.nlm.nih.gov/nucleotide/NM_001408474.1?report=genbank&log$=nucltop&blast_rank=73&RID=Y55P9SH4013"",""NM_001408474.1"")"
"Homo sapiens BRCA1 DNA repair associated (BRCA1), transcript variant 348, mRNA",Homo sapiens,82.4,82.4,73%,5e-14,100.00,3533,"=HYPERLINK(""https://www.ncbi.nlm.nih.gov/nucleotide/NM_001408494.1?report=genbank&log$=nucltop&blast_rank=74&RID=Y55P9SH4013"",""NM_001408494.1"")"
"Homo sapiens BRCA1 DNA repair associated (BRCA1), transcript variant 277, mRNA",Homo sapiens,82.4,82.4,73%,5e-14,100.00,3787,"=HYPERLINK(""https://www.ncbi.nlm.nih.gov/nucleotide/NM_001408416.1?report=genbank&log$=nucltop&blast_rank=75&RID=Y55P9SH4013"",""NM_001408416.1"")"
"Homo sapiens BRCA1 DNA repair associated (BRCA1), transcript variant 265, mRNA",Homo sapiens,82.4,82.4,73%,5e-14,100.00,3773,"=HYPERLINK(""https://www.ncbi.nlm.nih.gov/nucleotide/NM_001408403.1?report=genbank&log$=nucltop&blast_rank=76&RID=Y55P9SH4013"",""NM_001408403.1"")"
"Homo sapiens BRCA1 DNA repair associated (BRCA1), transcript variant 267, mRNA",Homo sapiens,82.4,82.4,73%,5e-14,100.00,3770,"=HYPERLINK(""https://www.ncbi.nlm.nih.gov/nucleotide/NM_001408406.1?report=genbank&log$=nucltop&blast_rank=77&RID=Y55P9SH4013"",""NM_001408406.1"")"
"Homo sapiens BRCA1 DNA repair associated (BRCA1), transcript variant 305, mRNA",Homo sapiens,82.4,82.4,73%,5e-14,100.00,3650,"=HYPERLINK(""https://www.ncbi.nlm.nih.gov/nucleotide/NM_001408445.1?report=genbank&log$=nucltop&blast_rank=78&RID=Y55P9SH4013"",""NM_001408445.1"")"
"Homo sapiens BRCA1 DNA repair associated (BRCA1), transcript variant 367, mRNA",Homo sapiens,82.4,82.4,73%,5e-14,100.00,3549,"=HYPERLINK(""https://www.ncbi.nlm.nih.gov/nucleotide/NM_001408513.1?report=genbank&log$=nucltop&blast_rank=79&RID=Y55P9SH4013"",""NM_001408513.1"")"
"Homo sapiens BRCA1 DNA repair associated (BRCA1), transcript variant 288, mRNA",Homo sapiens,82.4,82.4,73%,5e-14,100.00,3745,"=HYPERLINK(""https://www.ncbi.nlm.nih.gov/nucleotide/NM_001408428.1?report=genbank&log$=nucltop&blast_rank=80&RID=Y55P9SH4013"",""NM_001408428.1"")"
"Homo sapiens BRCA1 DNA repair associated (BRCA1), transcript variant 331, mRNA",Homo sapiens,82.4,82.4,73%,5e-14,100.00,3699,"=HYPERLINK(""https://www.ncbi.nlm.nih.gov/nucleotide/NM_001408473.1?report=genbank&log$=nucltop&blast_rank=81&RID=Y55P9SH4013"",""NM_001408473.1"")"
"Homo sapiens BRCA1 DNA repair associated (BRCA1), transcript variant 347, mRNA",Homo sapiens,82.4,82.4,73%,5e-14,100.00,3751,"=HYPERLINK(""https://www.ncbi.nlm.nih.gov/nucleotide/NM_001408493.1?report=genbank&log$=nucltop&blast_rank=82&RID=Y55P9SH4013"",""NM_001408493.1"")"
"Homo sapiens BRCA1 DNA repair associated (BRCA1), transcript variant 333, mRNA",Homo sapiens,82.4,82.4,73%,5e-14,100.00,3569,"=HYPERLINK(""https://www.ncbi.nlm.nih.gov/nucleotide/NM_001408475.1?report=genbank&log$=nucltop&blast_rank=83&RID=Y55P9SH4013"",""NM_001408475.1"")"
"Homo sapiens BRCA1 DNA repair associated (BRCA1), transcript variant 293, mRNA",Homo sapiens,82.4,82.4,73%,5e-14,100.00,4187,"=HYPERLINK(""https://www.ncbi.nlm.nih.gov/nucleotide/NM_001408433.1?report=genbank&log$=nucltop&blast_rank=84&RID=Y55P9SH4013"",""NM_001408433.1"")"
"Homo sapiens BRCA1 DNA repair associated (BRCA1), transcript variant 300, mRNA",Homo sapiens,82.4,82.4,73%,5e-14,100.00,3742,"=HYPERLINK(""https://www.ncbi.nlm.nih.gov/nucleotide/NM_001408440.1?report=genbank&log$=nucltop&blast_rank=85&RID=Y55P9SH4013"",""NM_001408440.1"")"
"Homo sapiens BRCA1 DNA repair associated (BRCA1), transcript variant 311, mRNA",Homo sapiens,82.4,82.4,73%,5e-14,100.00,3892,"=HYPERLINK(""https://www.ncbi.nlm.nih.gov/nucleotide/NM_001408452.1?report=genbank&log$=nucltop&blast_rank=86&RID=Y55P9SH4013"",""NM_001408452.1"")"
"Homo sapiens BRCA1 DNA repair associated (BRCA1), transcript variant 322, mRNA",Homo sapiens,82.4,82.4,73%,5e-14,100.00,3895,"=HYPERLINK(""https://www.ncbi.nlm.nih.gov/nucleotide/NM_001408463.1?report=genbank&log$=nucltop&blast_rank=87&RID=Y55P9SH4013"",""NM_001408463.1"")"
"Homo sapiens BRCA1 DNA repair associated (BRCA1), transcript variant 324, mRNA",Homo sapiens,82.4,82.4,73%,5e-14,100.00,3896,"=HYPERLINK(""https://www.ncbi.nlm.nih.gov/nucleotide/NM_001408465.1?report=genbank&log$=nucltop&blast_rank=88&RID=Y55P9SH4013"",""NM_001408465.1"")"
"Homo sapiens BRCA1 DNA repair associated (BRCA1), transcript variant 342, mRNA",Homo sapiens,82.4,82.4,73%,5e-14,100.00,4288,"=HYPERLINK(""https://www.ncbi.nlm.nih.gov/nucleotide/NM_001408485.1?report=genbank&log$=nucltop&blast_rank=89&RID=Y55P9SH4013"",""NM_001408485.1"")"
"Homo sapiens BRCA1 DNA repair associated (BRCA1), transcript variant 361, mRNA",Homo sapiens,82.4,82.4,73%,5e-14,100.00,3624,"=HYPERLINK(""https://www.ncbi.nlm.nih.gov/nucleotide/NM_001408507.1?report=genbank&log$=nucltop&blast_rank=90&RID=Y55P9SH4013"",""NM_001408507.1"")"
"Homo sapiens BRCA1 DNA repair associated (BRCA1), transcript variant 346, mRNA",Homo sapiens,82.4,82.4,73%,5e-14,100.00,3861,"=HYPERLINK(""https://www.ncbi.nlm.nih.gov/nucleotide/NM_001408492.1?report=genbank&log$=nucltop&blast_rank=91&RID=Y55P9SH4013"",""NM_001408492.1"")"
"Homo sapiens BRCA1 DNA repair associated (BRCA1), transcript variant 337, mRNA",Homo sapiens,82.4,82.4,73%,5e-14,100.00,3751,"=HYPERLINK(""https://www.ncbi.nlm.nih.gov/nucleotide/NM_001408480.1?report=genbank&log$=nucltop&blast_rank=92&RID=Y55P9SH4013"",""NM_001408480.1"")"
"Homo sapiens BRCA1 DNA repair associated (BRCA1), transcript variant 320, mRNA",Homo sapiens,82.4,82.4,73%,5e-14,100.00,3703,"=HYPERLINK(""https://www.ncbi.nlm.nih.gov/nucleotide/NM_001408461.1?report=genbank&log$=nucltop&blast_rank=93&RID=Y55P9SH4013"",""NM_001408461.1"")"
"Homo sapiens BRCA1 DNA repair associated (BRCA1), transcript variant 353, mRNA",Homo sapiens,82.4,82.4,73%,5e-14,100.00,3775,"=HYPERLINK(""https://www.ncbi.nlm.nih.gov/nucleotide/NM_001408499.1?report=genbank&log$=nucltop&blast_rank=94&RID=Y55P9SH4013"",""NM_001408499.1"")"
"Homo sapiens BRCA1 DNA repair associated (BRCA1), transcript variant 275, mRNA",Homo sapiens,82.4,82.4,73%,5e-14,100.00,4853,"=HYPERLINK(""https://www.ncbi.nlm.nih.gov/nucleotide/NM_001408415.1?report=genbank&log$=nucltop&blast_rank=95&RID=Y55P9SH4013"",""NM_001408415.1"")"
"Homo sapiens BRCA1 DNA repair associated (BRCA1), transcript variant 294, mRNA",Homo sapiens,82.4,82.4,73%,5e-14,100.00,3742,"=HYPERLINK(""https://www.ncbi.nlm.nih.gov/nucleotide/NM_001408434.1?report=genbank&log$=nucltop&blast_rank=96&RID=Y55P9SH4013"",""NM_001408434.1"")"
"Homo sapiens BRCA1 DNA repair associated (BRCA1), transcript variant 357, mRNA",Homo sapiens,82.4,82.4,73%,5e-14,100.00,3766,"=HYPERLINK(""https://www.ncbi.nlm.nih.gov/nucleotide/NM_001408503.1?report=genbank&log$=nucltop&blast_rank=97&RID=Y55P9SH4013"",""NM_001408503.1"")"
"Homo sapiens BRCA1 DNA repair associated (BRCA1), transcript variant 280, mRNA",Homo sapiens,82.4,82.4,73%,5e-14,100.00,3656,"=HYPERLINK(""https://www.ncbi.nlm.nih.gov/nucleotide/NM_001408420.1?report=genbank&log$=nucltop&blast_rank=98&RID=Y55P9SH4013"",""NM_001408420.1"")"
"Homo sapiens BRCA1 DNA repair associated (BRCA1), transcript variant 286, mRNA",Homo sapiens,82.4,82.4,73%,5e-14,100.00,4811,"=HYPERLINK(""https://www.ncbi.nlm.nih.gov/nucleotide/NM_001408426.1?report=genbank&log$=nucltop&blast_rank=99&RID=Y55P9SH4013"",""NM_001408426.1"")"
"Homo sapiens BRCA1 DNA repair associated (BRCA1), transcript variant 339, mRNA",Homo sapiens,82.4,82.4,73%,5e-14,100.00,3899,"=HYPERLINK(""https://www.ncbi.nlm.nih.gov/nucleotide/NM_001408482.1?report=genbank&log$=nucltop&blast_rank=100&RID=Y55P9SH4013"",""NM_001408482.1"")"



		


